cmd,reason
&quot;stephen great&quot; academy of ministry of internal affairs,not_academic
"1. prešov tool factory, ltd.",both
13,not_academic
59,not_academic
69,not_academic
75,not_academic
974,not_academic
@ilabafrica,not_academic
a,not_academic
a lion,not_academic
a lot,not_academic
a managua,not_academic
a memond,not_academic
abidjan,not_academic
abu dhabi national oil united arab emirates,not_academic
academic,not_academic
academic affairs,not_academic
academic area,not_academic
academic coordination,not_academic
academic direction,not_academic
academic record,not_academic
academic secretary,not_academic
academic staff unit,not_academic
academic vice,not_academic
academics,not_academic
academy,not_academic
academy of finland,not_academic
address,not_academic
address computerization,not_academic
address posgrados,not_academic
address research and postgraduate,not_academic
address teaching,not_academic
admin,not_academic
administración y marketing,non_english
administrative,not_academic
advanced level,not_academic
african development bank group,not_academic
agpu,not_academic
agresearch ltd grasslands research centre,not_english
agricultura,non_english
agrocampus ouest,not_english
agroteknologi,non_english
ahuachapan,not_academic
aihr fgw,not_academic
alajuela,not_academic
alikhanyan national laboratory,not_academic
alta verapaz,not_academic
alto parana,not_academic
"alto paraná, paraguay",not_academic
ama,not_academic
amambay,not_academic
amazon,not_academic
amberd research center,not_academic
amea,not_academic
american greece,not_academic
american sanatorium,not_academic
amman,not_academic
anapo,not_academic
ancash,not_academic
anep,not_academic
antakya,not_academic
antiguo cuscatlan,not_academic
antioquia,not_english
antropología social,non_english
apurimac,not_academic
arecibo,not_academic
arequipa,not_academic
argenco,not_academic
arqueologia,non_english
arquitetura,non_english
arsitektur,non_english
arts et archéologie,non_english
arts et métiers paristech,non_english
arxitektura,non_english
asia research institute,not_academic
asian development bank,not_academic
asoiu,not_academic
asse,not_academic
assumption,not_academic
asue,not_academic
asuncion,not_academic
asunción - capital,not_academic
ate,not_academic
athlete,not_academic
atlantic,not_academic
atlantic headquarters,not_academic
atlantic/coastal,not_academic
atlantis,not_academic
atsmu,not_academic
atu,not_academic
automatic,not_academic
ayacucho,not_academic
azerbaijan,not_academic
baccalaureate,not_academic
bachelor,not_academic
baja verapaz,not_academic
bamako,not_academic
bambey,not_academic
bangla,non_english
barranquilla,not_academic
barrel,not_academic
bay islands,not_academic
bba,not_academic
beaumont hospital,not_academic
bees,not_academic
bese,not_academic
bible,not_academic
bioanalisis,non_english
bioanálisis,non_english
biologi,non_english
biologia,non_english
biologia e biotecnologie,non_english
biología molecular,non_english
biomeditech,not_english
bioquímica y biología molecular,non_english
biotecnologia,non_english
biozentrum,non_english
bird of prey,not_academic
blowing,not_academic
bmdm,not_academic
bntu,not_academic
boaco,not_academic
board,not_academic
board of directors,not_academic
bocas del toro,not_academic
bogota,not_academic
bogota d.c,not_academic
bogota d.c.,not_academic
bogota dc,not_academic
bogotá d.c.,not_academic
bogotá dc,not_academic
"bogotá, d.c.",not_academic
bolivar,not_academic
bolivia,not_academic
boshlang'ich ta'lim,non_english
bucaramanga,not_academic
budapesti corvinus egyetem,non_english
buenos aires,not_academic
building,not_academic
c2dh,not_academic
caaguazu,not_academic
caaguazú,both
caazapá,both
caba,not_academic
caja costarricense de seguro social,non_english
caja de seguro social,non_english
caja nacional de seguridad social,non_english
cajamarca,not_academic
cali,not_academic
callao,not_academic
cam,not_academic
canindeyu,not_academic
canindeyú,not_english
capital,not_academic
capital region of denmark,not_academic
caqueta,not_academic
caquetá,both
caracas,not_academic
carazo,not_academic
cardiologia,non_english
care-c,not_academic
career history,not_academic
carrera ciencias de la comunicación social,non_english
carrera de comunicación social,non_english
carrera de ingeniería civil,non_english
carthage,not_academic
cartographie,non_english
catalink limited,not_academic
cauca,not_academic
cauca's valley,not_academic
caucasus business,not_academic
cba,not_academic
cbba,not_academic
cbc,not_academic
ccds,not_academic
cceb,not_academic
ccis,not_academic
ccje,not_academic
ccop,not_academic
ccsit,not_academic
ccss,not_academic
cea,not_academic
cea grenoble,not_academic
cea saclay,not_academic
cease,not_academic
cee,not_academic
ceibal plan,not_academic
ceitec,not_academic
center muraz,not_academic
central,not_academic
central library,not_academic
central lyon,not_academic
central nantes,not_academic
centralesupélec,non_english
centre,not_academic
centre de physique théorique,non_english
centre de recherche public henri tudor,non_english
centro agronomico tropical de investigacion y ensenanza catie,non_english
centro agronómico tropical de investigacion y enseñanza,non_english
"centro de inv. e innovacion elect., mec. y indust. cinemi",non_english
centro psicopedagógico y de investigación en educación superior,non_english
centro regional de chiriqui,non_english
centro regional de veraguas,non_english
cepies,not_academic
ceraas,not_academic
cerege,not_academic
cerge-ei,not_academic
cermes,not_academic
cern,not_academic
cersa,not_academic
ces,not_academic
cesar vallejo,not_academic
ceutec,not_academic
cfe,not_academic
chair,not_academic
champalimaud foundation,not_academic
cheers,not_academic
chest,not_academic
chiclayo,not_academic
chimaltenango,not_academic
chimbote,not_academic
chinandega,not_academic
chincha,not_academic
chinese,not_academic
chiquimula,not_academic
choco,not_academic
choluteca,not_academic
chontales,not_academic
cibertec,not_academic
ciceco,not_academic
cide,not_academic
ciencias de la comunicación social,non_english
cies,not_academic
cirugia,non_english
cirugia general,non_english
cirugía general,non_english
cirugía general y del aparato digestivo,non_english
cis,not_academic
cithm,not_academic
city,not_academic
city of tbilisi,not_academic
city ​​of panama,not_academic
clintec,not_academic
cnrs,not_academic
cnrs delegation paris b,not_academic
cnrs languedoc-roussillon delegation,non_english
cnrs rhône-auvergne delegation,non_english
cnrs south ile-de-france delegation,non_english
coal mine in reykjavik,not_academic
coba,not_academic
cochabamba,not_academic
cocse,not_academic
collage,not_academic
coller management,not_academic
colombia,not_academic
colombian air force,not_academic
colored peru,not_academic
comayagua,not_academic
comercial,non_english
comfanorte foundation for higher education,not_academic
command and staff faculty,not_academic
community qatar,not_academic
comp,not_academic
comunicación social,non_english
comunicação social,non_english
concepcion,not_academic
conception,not_academic
conducting research,not_academic
conicet,not_academic
conicet cordoba,not_academic
conicet la plata,not_academic
conicet mendoza,not_academic
conicet rosario,not_academic
conicet santa fe,not_academic
consejo superior de investigaciones científicas,non_english
conservatoire national des arts et metiers,non_english
consultant,not_academic
consultoria,both
contable,both
control de calidad,non_english
conway institute,not_academic
coordination,not_academic
coordination graduate,not_academic
copan,not_academic
copán,not_academic
cordillera,not_academic
cordoba,not_academic
cordova,not_academic
core,not_academic
corporación unificada nacional de educación superior,non_english
covab,not_academic
cperi,not_academic
craa,not_academic
croatian,non_english
crusam,not_academic
cs,not_academic
cs & it,not_academic
csc - it center for science finland,not_academic
cse,not_academic
csiro,not_academic
cte,not_academic
cucei,not_academic
cujae,not_academic
cundinamarca,not_academic
cunoc,not_academic
cunor,not_academic
cunori,not_academic
cunprogreso,not_academic
cunzac,not_academic
cur chontales,not_academic
cur esteli,not_academic
cur jinotega,not_academic
cur matagalpa,not_academic
cur somotillo,not_academic
cur somoto,not_academic
cur- chontales,not_academic
cur-chontales,not_academic
cur-esteli,not_academic
cur-estelí,not_academic
cur-somotillo,not_academic
curat,not_academic
curatio international foundation,not_academic
currents,not_academic
cusco,not_academic
cuts,not_academic
cybia,not_academic
cyens centre of excellence,not_academic
cyprus institute,not_academic
césar vallejo,not_academic
dakar,not_academic
data,not_academic
data61,not_academic
de duve institute,not_academic
dean of research and graduate studies,not_academic
deanery research,not_academic
deanship,not_academic
debreceni egyetem,non_english
degree,not_academic
degree process department,not_academic
demersal division,not_academic
departament,not_academic
departamento central,non_english
departamento de antropología social,non_english
departamento de engenharia civil,non_english
departamento de ingeniería civil,non_english
departamento de ingeniería industrial,non_english
departamento de mathematics and computer science,non_english
departamento de neurofarmacología experimental,non_english
departamento de serviço social,non_english
departamento de trabajo social,non_english
departement de physique,non_english
department,not_academic
department history,not_academic
deped,not_academic
desarrollo de software,non_english
despacho superior,non_english
det,not_academic
deutsches seminar,non_english
development,not_academic
digital,not_academic
digitalization,not_academic
dipartimento di architettura e design,non_english
dipartimento di design,non_english
diplomat,not_academic
direccion de investigacion vipe,non_english
dirección general,non_english
dirección general de educación secundaria,non_english
dirección general de investigación,non_english
dirección general de investigación digi,non_english
dirección nacional de fiscalización general,non_english
dirección regional de salud del callao,non_english
direction,not_academic
direction graduate,not_academic
diseño industrial,non_english
disi,not_academic
distrito capital,non_english
distrito central,non_english
ditef,not_academic
diten,not_academic
ditf,not_academic
división de educación rural,non_english
dlmp,not_academic
dmath,not_academic
docencia superior,non_english
docinade,not_academic
doctor,not_academic
drept,non_english
droit et sciences politiques,non_english
droit public,non_english
droit public et sciences politiques,non_english
droit économique et social,non_english
drugstore,not_academic
dtd,not_academic
dti,not_academic
dtic,not_academic
département de physique,non_english
département des sciences agronomiques,non_english
département des sciences de la terre,non_english
east,not_academic
eastern city,not_academic
ebelik,non_english
ecares,not_academic
ecbti,not_academic
ecl,not_academic
ecole centrale de lyon,non_english
ecole centrale de nantes,non_english
ecole des hautes etudes en sciences sociales,non_english
ecole des sciences criminelles,non_english
ecole des sciences de la sante,non_english
ecole des sciences de la santé,non_english
ecole doctorale des sciences agronomiques et de l'eau,non_english
ecole doctorale sciences et technologies,non_english
ecole inter etats des sciences et médecine vétérinaires de dakar,non_english
ecole nationale de commerce et de gestion,non_english
ecole nationale des sciences appliquées,non_english
ecole nationale des sciences de l'informatique,non_english
ecole normale supérieure département de physique,non_english
ecole polytechnique de louvain,non_english
ecole pratique des hautes etudes,non_english
ecole supérieure des sciences agronomiques,non_english
ecologia,non_english
edst,not_academic
educación integral,non_english
educación superior,non_english
education nationale,non_english
eea,not_academic
eemcs,not_academic
eewrc,not_academic
efpem,not_academic
elam,not_academic
elc,not_academic
elementary,not_academic
eli beamlines,not_academic
elm bark,not_academic
emergency,not_academic
emi,not_academic
ena,not_academic
enac,not_academic
ence,not_academic
encg,not_academic
energetic,not_academic
energetika,non_english
energy,not_academic
enfermagem,non_english
engenharia civil,non_english
engenharia rural,non_english
enis,not_academic
ens,not_academic
ensa,not_academic
ensam,not_academic
ensem,not_academic
enset antsirana,not_academic
enset mohammedia,not_academic
ensi,not_academic
ensino superior,non_english
ent,not_academic
enu,not_academic
eotvos lorand tudomanyegyetem bolcseszettudomanyi kar,non_english
ep,not_academic
epac,not_academic
epd,not_academic
epfl,not_academic
equinor norway,not_academic
erasmus mc,not_academic
eratosthenes centre of excellence,not_academic
ericsson research,not_academic
erin,not_academic
esat,not_academic
escola superior agrária,non_english
escola superior de biotecnologia,non_english
escola superior de ciencias marinhas e costeiras,non_english
escola superior de ciências do desporto,non_english
escola superior de ciências marinhas e costeiras,non_english
escola superior de desenvolvimento rural,non_english
escola superior de educação,non_english
escola superior de enfermagem de coimbra,non_english
escola superior de enfermagem de lisboa,non_english
escola superior de enfermagem de santa maria,non_english
escola superior de enfermagem do porto,non_english
escola superior de governação,non_english
escola superior de hotelaria e turismo de inhambane,non_english
escola superior de jornalismo,non_english
escola superior de saúde,non_english
escola superior de saúde norte da cruz vermelha portuguesa,non_english
escola superior de tecnologia da saúde de coimbra,non_english
escola superior de tecnologia e gestão,non_english
escola superior técnica,non_english
escuela de cadetes de policía general santander,non_english
escuela de comunicación social,non_english
escuela de diseño industrial,non_english
escuela de formación de profesores de enseñanza media,non_english
escuela de ingeniería civil,non_english
escuela de ingeniería en diseño industrial,non_english
escuela de ingeniería en producción industrial,non_english
escuela de ingeniería industrial,non_english
escuela de planificación y promoción social,non_english
escuela de trabajo social,non_english
escuela de trabajo social ets,non_english
escuela graduada de trabajo social,non_english
escuela militar de cadetes general josé maría córdova,non_english
escuela politécnica superior,non_english
escuela superior de administración pública,non_english
escuela superior de arte,non_english
escuela superior de guerra,non_english
escuela superior de medicina,non_english
escuela superior politecnica del litoral,non_english
escuela superior politécnica agropecuaria de manabí manuel félix lópez,non_english
escuela superior politécnica de chimborazo,non_english
escuela superior politécnica del chimborazo,non_english
escuela superior politécnica del litoral,non_english
escuela técnica superior de arquitectura,non_english
escuintla,not_academic
esoft metro campus,not_academic
estadística económica y social,non_english
esteli,not_academic
estelí,not_academic
estomatología,non_english
estomatología general integral,non_english
estácio brazil,not_academic
etro,not_academic
europe,not_academic
european commission,not_academic
european parliament,not_academic
eurostat,not_academic
eva,not_academic
executive,not_academic
expec arc,not_academic
exploration,not_academic
export agriculture,not_academic
extension,not_academic
f1,not_academic
f2,not_academic
f5,not_academic
faces,not_academic
facisa,not_academic
faculdade de serviço social,non_english
facultad,not_academic
facultad de ciencia animal,non_english
facultad de ciencias agropecuarias y desarrollo rural,non_english
facultad de comunicación social,non_english
facultad de ingenieria civil,non_english
facultad de ingenieria industrial,non_english
facultad de ingeniería civil,non_english
facultad de ingeniería civil y mecánica,non_english
facultad de ingeniería industrial,non_english
facultad de ingeniería industrial y de sistemas,non_english
facultad de periodismo y comunicación social,non_english
facultad de trabajo social,non_english
facultad experimental de ciencias,non_english
facultad regional multidisciplinaria de carazo,non_english
faculty,not_academic
faculté d'agronomie et des sciences agricoles,non_english
faculté de médecine et des sciences pharmaceutiques,non_english
"faculté de philosophie, arts et lettres",non_english
faculté de psychologie et des sciences de l'éducation,non_english
faculté de sciences juridiques et politiques,non_english
faculté de sciences sociales et de gestion,non_english
"faculté des arts, lettres et sciences humaines",non_english
faculté des lettres et des sciences humaines,non_english
faculté des lettres et sciences humaines,non_english
"faculté des lettres, arts et sciences humaines",non_english
faculté des sciences,non_english
faculté des sciences agronomiques,non_english
faculté des sciences appliquées,non_english
faculté des sciences de l'education,non_english
faculté des sciences de l'éducation,non_english
faculté des sciences de la motricité,non_english
faculté des sciences de la santé,non_english
faculté des sciences de sfax,non_english
faculté des sciences de tunis,non_english
faculté des sciences economiques et de gestion,non_english
faculté des sciences et techniques,non_english
faculté des sciences et techniques de la santé,non_english
faculté des sciences et techniques fast,non_english
faculté des sciences humaines et sociales,non_english
faculté des sciences juridiques et politiques,non_english
faculté des sciences juridiques économiques et sociales,non_english
"faculté des sciences juridiques, économiques et sociales",non_english
faculté des sciences pharmaceutiques,non_english
faculté des sciences sociales et politiques,non_english
faculté des sciences économiques et de gestion,non_english
"faculté des sciences, de technologies et de l'environnement",non_english
faeco,not_academic
faeco- crua - finance,not_academic
fah,not_academic
falkland islands fisheries department,not_academic
farena,not_academic
farwaniya hospital,not_academic
fasa,not_academic
fba,not_academic
fcefa,not_academic
fcim,not_academic
fct,not_academic
fdef,not_academic
fecyt,not_academic
felix enclosure evaristo mejía,not_academic
feri,not_academic
fesjes,not_academic
feup,not_academic
fgses,not_academic
fhs,not_academic
fhse,not_academic
fica,not_academic
fiec,not_academic
filipino,not_academic
filosofia e ciências sociais,non_english
fine,not_academic
first,not_academic
fisicc,not_academic
fisika,non_english
fisiología y comportamiento animal,non_english
fisioterapia,non_english
fisioterapia y terapia ocupacional,non_english
fisip,not_academic
fissic,not_academic
fit,not_academic
fitr,not_academic
fizika,non_english
fizyoterapi ve rehabilitasyon,non_english
fkip,not_academic
flacso,not_academic
flanders make belgium,not_academic
flsh,not_academic
flshase,not_academic
fmf,not_academic
fmg,not_academic
fmi,not_academic
fmos,not_academic
fmpo,not_academic
fmpos,not_academic
fonoaudiologia,non_english
fonoaudiología,non_english
for land,not_academic
formación general,non_english
formación pedagógica general,non_english
formation,not_academic
foundation,not_academic
france secondary school,not_academic
francisco morazan,not_academic
free,not_academic
freedom,not_academic
freelancer portugal,not_academic
french,not_academic
fsjes souissi,not_academic
fst,not_academic
fstc,not_academic
fste,not_academic
fstm,not_academic
g-trend slovakia,not_academic
general,not_academic
general direction,not_academic
general practitioner,not_academic
genie civil,non_english
genos croatia,not_academic
genética y biología molecular,non_english
geodemografia,non_english
geografia,non_english
geografia y ciencia politica,non_english
geographical congo,not_academic
geologia,non_english
gerencia general,non_english
germanistik,non_english
ges,not_academic
ghana education service,not_academic
gironde,not_academic
government,not_academic
government of kenya,not_academic
government of nepal,not_academic
grade school,not_academic
graduate,not_academic
graduation,not_academic
granada,not_academic
gref,not_academic
grenoble ecole de management,non_english
grouts,not_academic
guadeloupe,not_academic
guaira,not_academic
guairá,not_academic
guajira,not_academic
guanacaste headquarters,not_academic
guatemala,not_academic
guatemala city,not_academic
"guatemala, guatemala",not_academic
guayaquil,not_academic
génie civil,non_english
génie rural,non_english
génie textile,non_english
géographie physique,non_english
halalan thayyiban research centre,not_academic
haute-garonne,not_academic
havana,not_academic
head west,not_academic
hec,not_academic
hec paris,not_academic
hellenic transport,not_academic
here in darmstadt,not_academic
heredia,not_academic
high,not_academic
high parana,not_academic
high school department,not_academic
high school sant'anna,not_academic
hmc,not_academic
honduran national police,not_academic
hospital británico,both
hospital central de las fuerzas armadas,both
hospital central del instituto de previsión social,both
hospital de clinicas,both
hospital de clínicas,both
hospital del norte,both
hospital el alto sur,both
hospital escuela,both
hospital general de los yungas,both
"hospital general del sur de quito, iess",both
hospital general san juan de dios,both
hospital italiano de buenos aires,both
hospital maciel,both
hospital nacional,both
hospital nacional cayetano heredia,both
hospital nacional de itaugua,both
hospital nacional de itauguá,both
hospital nacional de la mujer,both
hospital nacional dos de mayo,both
hospital nacional edgardo rebagliati martins,both
hospital nacional el salvador,both
hospital nacional guido valadares,both
hospital nacional rosales,both
hospital nivel iv guillermo almenara irigoyen,both
hospital regional de encarnación,both
hospital san juan de dios,both
hospital santo tomas,both
hospital santo tomás,both
huancavelica,not_academic
huancayo,not_academic
huanuco,not_academic
huehuetenango,not_academic
huila,not_academic
huánuco,not_academic
hôtel-dieu de france,both
i vicerrectorado,both
i+d,not_academic
iae,not_academic
iapme,not_academic
ic,not_academic
ica,not_academic
icbas,not_academic
icelandic,not_academic
icms,not_academic
icosagen estonia,not_academic
ict department,not_academic
icteam,not_academic
icu,not_academic
ijtimoiy fanlar,non_english
in evening,not_academic
in huaraz,not_academic
industries,not_academic
infermeria,non_english
informatika,non_english
international cooperation office,not_academic
international islamic academy of uzbekistan,not_academic
international phd school,not_academic
international school,not_academic
internship,not_academic
interregional academy of personnel management,not_academic
investigation,not_academic
investigator,not_academic
ioffe institute,not_academic
iotsc,not_academic
ips central,not_academic
ipsjda,not_academic
irad,not_academic
irish,not_academic
is,not_academic
isae-supaero,not_academic
iscisa,not_academic
ise,not_academic
isere,not_academic
isitcom,not_academic
islamic religious school,not_academic
isped,not_academic
ispits,not_academic
issedd,not_academic
ist austria,not_academic
istd,not_academic
isterre,not_academic
istm,not_academic
it,not_academic
it academy,not_academic
italian,not_academic
itapua,not_academic
itc,not_academic
itee,not_academic
itis,not_academic
itn,not_academic
itsu,not_academic
i̇ktisat,non_english
i̇lahiyat,non_english
jalapa,not_academic
jinotega,not_academic
juan vicente moscoso,not_academic
juan vicente moscoso enclosure,not_academic
juigalpa,not_academic
juigalpa chontales,not_academic
jumps,not_academic
junin,not_academic
junior high school,not_academic
jurnalistika,non_english
jutiapa,not_academic
kadiogo,not_academic
kamuzu central hospital,not_academic
kindergarten,not_academic
kinesiologia,non_english
kingdom,not_academic
korhogo regional directorate,not_academic
la capital,not_academic
"la paz, bolivia",not_academic
labiogene,not_academic
laboratoire de physique des solides,non_english
laboratoire des sciences du climat et de l'environnement,non_english
laboratory,not_academic
lambayeque,not_academic
langue et culture amazighes,non_english
lcsb,not_academic
lecturer,not_academic
lekarski,non_english
lempira,not_academic
lenguas romances,non_english
leon,not_academic
lesia,not_academic
leveling,not_academic
libertad,not_academic
life safety,not_academic
"lima, peru",not_academic
lion,not_academic
lion pillow,not_academic
lip6,not_academic
literatura,non_english
littoral,not_academic
livestock,not_academic
living conditions,not_academic
loreto,not_academic
lsgi,not_academic
lte vs ou ts,not_academic
lthr,not_academic
lucet,not_academic
luis napoleon nuñez molina,not_academic
luis napoleón núñez molina,not_academic
madrid,not_academic
madriz,not_academic
magdalena,not_academic
magistr,not_academic
magistratura,non_english
maintenance,not_academic
maliye,non_english
manabi,not_academic
managua,not_academic
managua nicaragua,not_academic
mangua,not_academic
martinique,not_academic
masaya,not_academic
master,not_academic
master degree,not_academic
master department,not_academic
masters,not_academic
mastery,not_academic
matagalpa,not_academic
matematika,non_english
matenadaran,not_academic
matis,not_academic
matis ohf,not_academic
mauritian wildlife foundation,not_academic
mavt,not_academic
max perutz labs,not_academic
max planck society,not_academic
mbrsg,not_academic
medecine,non_english
medecine and biomedical sciences,non_english
medecine and pharmacy,non_english
medecine of tunis,non_english
medicina general,non_english
medicina general integral,non_english
medicina natural y tradicional,non_english
medicina preventiva y social,non_english
medicina transfusional,non_english
medicina tropical,non_english
meduca,not_academic
melbourne graduate education,not_academic
mendoza,not_academic
menoua,not_academic
meta,not_academic
methodological,not_academic
mewes,not_academic
mftit,not_academic
mgi,not_academic
micu,not_academic
mined,not_academic
minedu,not_academic
mineduc,not_academic
minerd,not_academic
minister's office,not_academic
ministerio de educación superior,non_english
"ministerio de educación superior, ciencia y tecnología",non_english
ministerio de salud pública y asistencia social,non_english
ministerio de salud pública y bienestar social,non_english
"ministère de l'éducation nationale, de la formation professionnelle, de l'enseignement supérieur et",non_english
"ministère de l'éducation nationale, de la formation professionnelle, de l'enseignement supérieur et de la recherche scientifique",non_english
minsa,not_academic
minsap,not_academic
misau,not_academic
missions,not_academic
moh,not_academic
moh holdings,not_academic
mohammed bin rashid government,not_academic
molina núñez enclosure louis napoleon,not_academic
montevideo,not_academic
morazan,not_academic
morazán,not_academic
mountain of montevideo,not_academic
moyobamba,not_academic
mrt,not_academic
msd peru,not_academic
mse,not_academic
msfea,not_academic
mtc,not_academic
myanmar,not_academic
n.1 health,not_academic
name,not_academic
nariño,not_academic
national administration,not_academic
national bureau of investigation,not_academic
national district,not_academic
national ireland,not_academic
national learning service,not_academic
national learning service - sena,not_academic
national learning service sena,not_academic
national library of latvia,not_academic
ncccr,not_academic
nepali,not_academic
new cultivar innovation,not_academic
news,not_academic
nfoundi,not_academic
nhs,not_academic
niamey,not_academic
nicaragua,not_academic
nicu,not_academic
nlp,not_academic
nmsrc,not_academic
no.,not_academic
nord,not_academic
north lima,not_academic
north of santander,not_academic
nsmp,not_academic
ntnu,not_academic
nuaca,not_academic
nueva segovia,not_academic
nutricao,non_english
nvs,not_academic
odontologia,non_english
odontologie,non_english
of,not_academic
of french,not_academic
of the,not_academic
ofppt,not_academic
oftalmologia,non_english
oilseed health fund,not_academic
olancho,not_academic
olives,not_academic
one,not_academic
one who is lazy,not_academic
only the,not_academic
operation,not_academic
operations,not_academic
optometria,non_english
oq oman,not_academic
oran,not_academic
organization,not_academic
oric,not_academic
orientation,not_academic
oruro,not_academic
osh,not_academic
oshmpu,not_academic
oshsu,not_academic
oshtu,not_academic
ouest,not_academic
ounce,not_academic
our child,not_academic
own,not_academic
panama,not_academic
panama canal authority,not_academic
paradise,not_academic
paraguari,not_academic
paraguarí,non_english
paris,not_academic
pashto,not_academic
pasteur cambodia,not_academic
pasteur dakar,not_academic
pastor institute,not_academic
paul wurth luxembourg,not_academic
pe,not_academic
peace,not_academic
peace in bolivia,not_academic
pedagogical,not_academic
pedeciba,not_english
pediatria,non_english
pelagic division,not_academic
pendidikan bahasa dan sastra indonesia,non_english
pendidikan bahasa indonesia,non_english
pereira rossell hospital center,not_academic
peru,not_academic
peru army,not_academic
petén,not_academic
pgim,not_academic
pgsd,not_academic
phase,not_academic
phd,not_academic
phelma,not_academic
physik,non_english
physik-institut,non_english
physique,non_english
physique chimie,non_english
phythecnia,not_englis
pichincha,not_academic
pillow,not_academic
pillow lion,not_academic
piura,not_academic
polisl,not_academic
politecnico di milano,non_english
ponce research institute,not_academic
posface,not_academic
posgrados,non_english
post grado,non_english
post-grado,non_english
potosi,not_academic
ppge,not_academic
preparatoria,non_english
presidency,not_academic
primaria,non_english
primary school,not_academic
prirodnichy faculty,non_english
private practice,not_academic
procurement,not_academic
produccion animal y pasturas,non_english
producción animal,non_english
producción animal y pasturas,non_english
production,not_academic
production animale,non_english
production et santé animale,non_english
production et santé animales,non_english
production végétale,non_english
produção animal,non_english
professor,not_academic
program,not_academic
program pascasarjana,non_english
programme,not_academic
programmes,not_academic
programs,not_academic
progress,not_academic
projects,not_academic
property,not_academic
protection des plantes,non_english
psc,not_academic
pse,not_academic
psicología social,non_english
psicopedagogía,non_english
psikologi,non_english
psixologiya,non_english
public ministry,not_academic
puce,not_academic
pucmm,not_academic
puerto rico,not_academic
punishment,not_academic
qatar foundation,not_academic
qatar national research fund,not_academic
qeeri,not_academic
quality,not_academic
quetzaltenango,not_academic
quiche,not_academic
quindío,not_academic
quintio,not_academic
quito,not_academic
qutech,not_academic
r&d,not_academic
raccn,not_academic
raccs,not_academic
rectorate,not_academic
rectory,not_academic
registry,not_academic
relations internationales,non_english
religion basics,not_academic
republic of mozambique,not_academic
resources himalaya foundation,not_academic
rh,not_academic
rhone,not_academic
right,not_academic
rights,not_academic
rigshospitalet,not_english
rio cuarto,not_academic
risaralda,not_academic
rivas,not_academic
romanisches seminar,non_english
rosary beads,not_academic
royal government of bhutan,not_academic
rr,not_academic
rtsu,not_academic
rubio,not_academic
sabah groups,not_academic
sacatepequez,not_academic
sacatepéquez,not_academic
sageons,not_academic
saint joseph,not_academic
saint lawrence,not_academic
saint michael caraga,not_academic
sales,not_academic
salud mental,non_english
salud visual,non_english
samtse education,not_academic
samtse higher secondary school,not_academic
san fernando,not_academic
san josé,not_academic
san juan,not_academic
san marcos,not_academic
san martin,not_academic
san miguel,not_academic
san pedro,not_academic
san pedro sula,not_academic
"san pedro sula, cortes",not_academic
san salvador,not_academic
san vicente,not_academic
santa,not_academic
santa ana,not_academic
santa barbara,not_academic
santa cruz,not_academic
santa cruz - bolivia,not_academic
santa cruz de la sierra,not_academic
"santa cruz de la sierra, bolivia",not_academic
"santa cruz, bolivia",not_academic
santa fe,not_academic
santa rosa,not_academic
santander,not_academic
santiago,not_academic
santo domingo,not_academic
sanumarc,not_academic
saudi aramco saudi arabia,not_academic
savior,not_academic
saúde mental,non_english
sbs,not_academic
school letters,not_academic
school paristech bridges,not_academic
school zootecnia,non_english
science class,not_academic
science de gestion,non_english
science de la nature,non_english
science de la nature et de la vie,non_english
science de la terre,non_english
sciences agronomiques,non_english
sciences agronomiques et environnement,non_english
sciences alimentaires,non_english
sciences biologiques,non_english
sciences biomédicales,non_english
sciences cliniques,non_english
sciences commerciales,non_english
sciences de base,non_english
sciences de gestion,non_english
sciences de l'education,non_english
sciences de l'environnement,non_english
sciences de l'information et de la communication,non_english
sciences de l'éducation,non_english
sciences de la matière,non_english
sciences de la mer,non_english
sciences de la nature,non_english
sciences de la nature et de la vie,non_english
sciences de la santé,non_english
sciences de la terre,non_english
sciences de la terre et des ressources minières,non_english
sciences de la vie,non_english
sciences de la vie et de la terre,non_english
sciences du langage,non_english
sciences du langage et de la communication,non_english
sciences economiques,non_english
sciences economiques et de gestion,non_english
sciences economiques et développement,non_english
sciences economiques et gestion,non_english
sciences et gestion de l'environnement,non_english
sciences et techniques,non_english
sciences et technologie,non_english
sciences et technologies,non_english
sciences et technologies des aliments,non_english
sciences exactes,non_english
sciences expérimentales,non_english
sciences fondamentales et appliquées,non_english
sciences humaines,non_english
sciences humaines et sociales,non_english
sciences infirmières,non_english
sciences informatiques,non_english
sciences juridiques,non_english
sciences juridiques et politiques,non_english
sciences médicales,non_english
sciences pharmaceutiques,non_english
sciences politiques et administratives,non_english
sciences sociales,non_english
sciences économiques,non_english
sciences économiques et de gestion,non_english
sciences économiques et gestion,non_english
scims,not_academic
scion,not_academic
scoala doctorala,non_english
scse,not_academic
sdu,not_academic
search,not_academic
secretaría de educación del distrito capital,non_english
security-skopje,not_academic
sede regional brunca,non_english
sede regional chorotega,non_english
seds,not_academic
seduc,not_academic
seecs,not_academic
senate,not_academic
serpantarium,not_academic
servicio central de extensión y actividades en el medio,non_english
serviço social,non_english
sesri,not_academic
she,not_academic
sibelius academy,not_academic
sigcom,not_academic
silver,not_academic
sinhala,not_academic
sintef,not_academic
sintef energi as,not_academic
sintef industry,not_academic
sintef ocean,not_academic
skl,not_academic
slovenian nmr centre,not_academic
snake charmer,not_academic
sns,not_academic
snt,not_academic
snv,not_academic
sociologia rural,non_english
sogma,not_academic
sonsonate,not_academic
sosiologi,non_english
south,not_academic
specialization,not_academic
spms,not_academic
staps,not_academic
starc,not_academic
store,not_academic
story,not_academic
subaddress research and postgraduate,not_academic
suchitepequez,not_academic
sucre,not_academic
suit,not_academic
surrounded,not_academic
tabiiy fanlar,non_english
tachira,not_academic
tacna,not_academic
tamil,not_academic
tarbiyah,non_english
tarix,non_english
tecnologia,non_english
tecsup,not_academic
tegucigalpa,not_academic
teknik och samhälle,non_english
teologi,non_english
teologia,non_english
terapia intensiva,non_english
test innovations,not_academic
thies,not_academic
this,not_academic
ti,not_academic
tibb,not_academic
tic,not_academic
tolima,not_academic
tourist rush,not_academic
trabajo social,non_english
trade,not_academic
trujillo,not_academic
tsmu,not_academic
tunis,not_academic
táchira,not_academic
ubitech limited,not_academic
ufr agroforestie,non_english
ufr des sciences et technologies des aliments,non_english
ufr des sciences médicales,non_english
ufr sciences de la nature,non_english
ufr sciences et gestion de l'environnement,non_english
ufr sciences médicales,non_english
ultrasound,not_academic
undergraduate,not_academic
"undergraduate, graduate and postgraduate",not_academic
ungainly,not_academic
union,not_academic
united,not_academic
unité de formation et de recherche en sciences de la santé,non_english
unité de formation et de recherche en sciences de la vie et de la terre,non_english
unité de formation et de recherche en sciences et technologies,non_english
urania enclosure montás,not_academic
urania enclosure mounts,not_academic
urania montas,not_academic
urbanisme,non_english
uruguay,not_academic
uruguayan association of psychoanalytic psychotherapy,not_academic
usulutan,not_academic
usulután,not_academic
uzbekistan,not_academic
valley,not_academic
venezuela,not_academic
vetagro sup,not_academic
vice -rector for research and projection,not_academic
"vice -rector for research, postgraduate and extension",not_academic
vice-rector for research and graduate studies,not_academic
vice-rector for research and innovation,not_academic
vice-rector of research and graduate studies,not_academic
vice-rectorate for postgraduate studies,not_academic
vicerrectorado academic,non_english
vicerrectorado research and postgraduate,non_english
vicerrectoría de acción social,non_english
vicerrectoría extension,non_english
vicerrectoría research,non_english
vicerrectoría teaching,non_english
vnuhcm – high school for gifted,not_academic
was saying,not_academic
wetsuit,not_academic
what is it?,not_academic
winter,not_academic
wise sunday,not_academic
wouri,not_academic
wso2 sri lanka,not_academic
yoro,not_academic
you are here,not_academic
yy,not_academic
zacapa,not_academic
zelaya central,not_academic
zulia,not_academic
árni magnússon icelandic studies,non_english
école des hautes études en sciences sociales,non_english
école des sciences de i'information,non_english
école inter etats des sciences et médecine vétérinaires de dakar,non_english
école inter-états des sciences et médecine vétérinaires de dakar,non_english
école marocaine des sciences de l'ingénieur,non_english
école nationale de commerce et de gestion,non_english
école nationale de commerce et de gestion de tanger,non_english
école normale supérieure,non_english
école normale supérieure - psl,non_english
école normale supérieure de lyon,non_english
école polytechnique,non_english
école supérieure privée d'ingénierie et de technologies,non_english
ñeembucu,not_academic
ñeembucú,not_academic
